{
  "dataset_1_size": 2432,
  "dataset_1_bot_fraction": 0.4296875,
  "dataset_2_size": 100,
  "n_behavioral_features": 24,
  "n_content_features": 12,
  "best_clean_auc_RF_Fusion": 0.980674637047483,
  "best_clean_auc_RF_Behavioral": 0.976951848777831,
  "best_clean_auc_RF_Content": 0.8296222987409048,
  "adv_full_laundering_AUC_content": 0.4662428037726605,
  "adv_full_laundering_AUC_behavioral": 0.9812783255756983,
  "adv_full_laundering_AUC_fusion": 0.9780400232729054
}