model,brier_score
RF-Content,0.15501353528471667
RF-Behavioral,0.054987138508371385
RF-Fusion,0.049947823439878226
